First_Name,Last_Name,Position,Salary,Department
First_Name_1,Last_Name_1,Position_778,4931,Department_94
First_Name_2,Last_Name_2,Position_368,3838,Department_88
First_Name_3,Last_Name_3,Position_731,4746,Department_4
First_Name_4,Last_Name_4,Position_917,3765,Department_7
First_Name_5,Last_Name_5,Position_671,1791,Department_96
First_Name_6,Last_Name_6,Position_753,1671,Department_99
First_Name_7,Last_Name_7,Position_162,4487,Department_28
First_Name_8,Last_Name_8,Position_294,2937,Department_5
First_Name_9,Last_Name_9,Position_125,2318,Department_35
First_Name_10,Last_Name_10,Position_151,2657,Department_50
First_Name_11,Last_Name_11,Position_425,2367,Department_89
First_Name_12,Last_Name_12,Position_741,1209,Department_49
First_Name_13,Last_Name_13,Position_599,3047,Department_18
First_Name_14,Last_Name_14,Position_101,4989,Department_57
First_Name_15,Last_Name_15,Position_985,3593,Department_46
First_Name_16,Last_Name_16,Position_436,2421,Department_15
First_Name_17,Last_Name_17,Position_893,3549,Department_59
First_Name_18,Last_Name_18,Position_345,4068,Department_38
First_Name_19,Last_Name_19,Position_696,2605,Department_74
First_Name_20,Last_Name_20,Position_269,4242,Department_55
First_Name_21,Last_Name_21,Position_377,4299,Department_93
First_Name_22,Last_Name_22,Position_308,2135,Department_30
First_Name_23,Last_Name_23,Position_760,3943,Department_32
First_Name_24,Last_Name_24,Position_959,1024,Department_14
First_Name_25,Last_Name_25,Position_191,3607,Department_30
First_Name_26,Last_Name_26,Position_457,4627,Department_11
First_Name_27,Last_Name_27,Position_138,4678,Department_7
First_Name_28,Last_Name_28,Position_256,1631,Department_34
First_Name_29,Last_Name_29,Position_98,2382,Department_12
First_Name_30,Last_Name_30,Position_421,2476,Department_93
First_Name_31,Last_Name_31,Position_341,2871,Department_82
First_Name_32,Last_Name_32,Position_452,4487,Department_30
First_Name_33,Last_Name_33,Position_270,3689,Department_22
First_Name_34,Last_Name_34,Position_517,2786,Department_65
First_Name_35,Last_Name_35,Position_721,1409,Department_64
First_Name_36,Last_Name_36,Position_220,3387,Department_87
First_Name_37,Last_Name_37,Position_395,1563,Department_41
First_Name_38,Last_Name_38,Position_887,3080,Department_65
First_Name_39,Last_Name_39,Position_712,3739,Department_76
First_Name_40,Last_Name_40,Position_80,2978,Department_38
First_Name_41,Last_Name_41,Position_622,2496,Department_43
First_Name_42,Last_Name_42,Position_936,3895,Department_66
First_Name_43,Last_Name_43,Position_693,3593,Department_89
First_Name_44,Last_Name_44,Position_724,3204,Department_39
First_Name_45,Last_Name_45,Position_595,1903,Department_22
First_Name_46,Last_Name_46,Position_467,3737,Department_80
First_Name_47,Last_Name_47,Position_24,2600,Department_90
First_Name_48,Last_Name_48,Position_684,3651,Department_39
First_Name_49,Last_Name_49,Position_722,2516,Department_76
First_Name_50,Last_Name_50,Position_168,2157,Department_66
First_Name_51,Last_Name_51,Position_483,4013,Department_92
First_Name_52,Last_Name_52,Position_630,2318,Department_10
First_Name_53,Last_Name_53,Position_296,1075,Department_39
First_Name_54,Last_Name_54,Position_280,1276,Department_80
First_Name_55,Last_Name_55,Position_572,3719,Department_56
First_Name_56,Last_Name_56,Position_819,4303,Department_96
First_Name_57,Last_Name_57,Position_257,3656,Department_60
First_Name_58,Last_Name_58,Position_784,3172,Department_58
First_Name_59,Last_Name_59,Position_560,3176,Department_82
First_Name_60,Last_Name_60,Position_764,3253,Department_12
First_Name_61,Last_Name_61,Position_303,3972,Department_54
First_Name_62,Last_Name_62,Position_269,3151,Department_94
First_Name_63,Last_Name_63,Position_581,4315,Department_28
First_Name_64,Last_Name_64,Position_730,1517,Department_85
First_Name_65,Last_Name_65,Position_786,4560,Department_98
First_Name_66,Last_Name_66,Position_733,4007,Department_38
First_Name_67,Last_Name_67,Position_442,1350,Department_30
First_Name_68,Last_Name_68,Position_242,1336,Department_18
First_Name_69,Last_Name_69,Position_560,4458,Department_24
First_Name_70,Last_Name_70,Position_290,2210,Department_76
First_Name_71,Last_Name_71,Position_717,4774,Department_76
First_Name_72,Last_Name_72,Position_269,1356,Department_57
First_Name_73,Last_Name_73,Position_693,1682,Department_92
First_Name_74,Last_Name_74,Position_582,1615,Department_96
First_Name_75,Last_Name_75,Position_367,4133,Department_23
First_Name_76,Last_Name_76,Position_245,1843,Department_41
First_Name_77,Last_Name_77,Position_655,2063,Department_92
First_Name_78,Last_Name_78,Position_896,4102,Department_37
First_Name_79,Last_Name_79,Position_129,2050,Department_25
First_Name_80,Last_Name_80,Position_987,2684,Department_48
First_Name_81,Last_Name_81,Position_512,4448,Department_5
First_Name_82,Last_Name_82,Position_156,2200,Department_43
First_Name_83,Last_Name_83,Position_903,3726,Department_71
First_Name_84,Last_Name_84,Position_81,3319,Department_47
First_Name_85,Last_Name_85,Position_532,2070,Department_30
First_Name_86,Last_Name_86,Position_162,3838,Department_53
First_Name_87,Last_Name_87,Position_803,2780,Department_74
First_Name_88,Last_Name_88,Position_905,1687,Department_56
First_Name_89,Last_Name_89,Position_300,4477,Department_67
First_Name_90,Last_Name_90,Position_168,2363,Department_34
First_Name_91,Last_Name_91,Position_839,3084,Department_96
First_Name_92,Last_Name_92,Position_67,4444,Department_40
First_Name_93,Last_Name_93,Position_788,3965,Department_26
First_Name_94,Last_Name_94,Position_121,2921,Department_19
First_Name_95,Last_Name_95,Position_328,1503,Department_27
First_Name_96,Last_Name_96,Position_556,1429,Department_50
First_Name_97,Last_Name_97,Position_118,4056,Department_21
First_Name_98,Last_Name_98,Position_910,1365,Department_34
First_Name_99,Last_Name_99,Position_926,4781,Department_17
First_Name_1,Last_Name_1,Position_845,1934,Department_71
First_Name_2,Last_Name_2,Position_262,4354,Department_76
First_Name_3,Last_Name_3,Position_240,2406,Department_71
First_Name_4,Last_Name_4,Position_188,3235,Department_25
First_Name_5,Last_Name_5,Position_299,2694,Department_66
First_Name_6,Last_Name_6,Position_15,1322,Department_32
First_Name_7,Last_Name_7,Position_471,2378,Department_50
First_Name_8,Last_Name_8,Position_308,1262,Department_23
First_Name_9,Last_Name_9,Position_511,2949,Department_39
First_Name_10,Last_Name_10,Position_471,4372,Department_47
First_Name_11,Last_Name_11,Position_408,3006,Department_19
First_Name_12,Last_Name_12,Position_210,3882,Department_92
First_Name_13,Last_Name_13,Position_508,4430,Department_33
First_Name_14,Last_Name_14,Position_22,3972,Department_64
First_Name_15,Last_Name_15,Position_913,4805,Department_16
First_Name_16,Last_Name_16,Position_343,3901,Department_11
First_Name_17,Last_Name_17,Position_124,2305,Department_16
First_Name_18,Last_Name_18,Position_171,4704,Department_9
First_Name_19,Last_Name_19,Position_951,3997,Department_93
First_Name_20,Last_Name_20,Position_892,4097,Department_55
First_Name_21,Last_Name_21,Position_420,2944,Department_53
First_Name_22,Last_Name_22,Position_735,4047,Department_37
First_Name_23,Last_Name_23,Position_847,3493,Department_41
First_Name_24,Last_Name_24,Position_683,3216,Department_57
First_Name_25,Last_Name_25,Position_397,1055,Department_42
First_Name_26,Last_Name_26,Position_563,1899,Department_84
First_Name_27,Last_Name_27,Position_770,4499,Department_51
First_Name_28,Last_Name_28,Position_807,1509,Department_87
First_Name_29,Last_Name_29,Position_406,2635,Department_50
First_Name_30,Last_Name_30,Position_198,3616,Department_44
First_Name_31,Last_Name_31,Position_960,2558,Department_85
First_Name_32,Last_Name_32,Position_513,3271,Department_77
First_Name_33,Last_Name_33,Position_183,2013,Department_12
First_Name_34,Last_Name_34,Position_352,3648,Department_19
First_Name_35,Last_Name_35,Position_648,4783,Department_68
First_Name_36,Last_Name_36,Position_248,1373,Department_96
First_Name_37,Last_Name_37,Position_751,2095,Department_12
First_Name_38,Last_Name_38,Position_57,3841,Department_48
First_Name_39,Last_Name_39,Position_575,1238,Department_92
First_Name_40,Last_Name_40,Position_372,2165,Department_7
First_Name_41,Last_Name_41,Position_103,1465,Department_9
First_Name_42,Last_Name_42,Position_12,4972,Department_78
First_Name_43,Last_Name_43,Position_222,2210,Department_21
First_Name_44,Last_Name_44,Position_973,3316,Department_12
First_Name_45,Last_Name_45,Position_429,1534,Department_79
First_Name_46,Last_Name_46,Position_454,2990,Department_34
First_Name_47,Last_Name_47,Position_768,2492,Department_31
First_Name_48,Last_Name_48,Position_739,1058,Department_82
First_Name_49,Last_Name_49,Position_877,2915,Department_75
First_Name_50,Last_Name_50,Position_4,2627,Department_71
First_Name_51,Last_Name_51,Position_487,2482,Department_6
First_Name_52,Last_Name_52,Position_501,1931,Department_77
First_Name_53,Last_Name_53,Position_945,1221,Department_74
First_Name_54,Last_Name_54,Position_495,4318,Department_75
First_Name_55,Last_Name_55,Position_775,3470,Department_78
First_Name_56,Last_Name_56,Position_689,2976,Department_1
First_Name_57,Last_Name_57,Position_479,4410,Department_38
First_Name_58,Last_Name_58,Position_822,4930,Department_86
First_Name_59,Last_Name_59,Position_426,1150,Department_75
First_Name_60,Last_Name_60,Position_444,3349,Department_97
First_Name_61,Last_Name_61,Position_604,2231,Department_35
First_Name_62,Last_Name_62,Position_271,3341,Department_86
First_Name_63,Last_Name_63,Position_730,1607,Department_36
First_Name_64,Last_Name_64,Position_622,1278,Department_7
First_Name_65,Last_Name_65,Position_367,4387,Department_28
First_Name_66,Last_Name_66,Position_858,2099,Department_18
First_Name_67,Last_Name_67,Position_192,3889,Department_81
First_Name_68,Last_Name_68,Position_78,3661,Department_16
First_Name_69,Last_Name_69,Position_647,1996,Department_4
First_Name_70,Last_Name_70,Position_147,2281,Department_93
First_Name_71,Last_Name_71,Position_991,2310,Department_76
First_Name_72,Last_Name_72,Position_626,2909,Department_40
First_Name_73,Last_Name_73,Position_968,4034,Department_71
First_Name_74,Last_Name_74,Position_313,2289,Department_68
First_Name_75,Last_Name_75,Position_134,2538,Department_49
First_Name_76,Last_Name_76,Position_773,2612,Department_96
First_Name_77,Last_Name_77,Position_990,1674,Department_74
First_Name_78,Last_Name_78,Position_36,3749,Department_84
First_Name_79,Last_Name_79,Position_911,2522,Department_66
First_Name_80,Last_Name_80,Position_511,3017,Department_34
First_Name_81,Last_Name_81,Position_322,2826,Department_49
First_Name_82,Last_Name_82,Position_948,3254,Department_87
First_Name_83,Last_Name_83,Position_571,3823,Department_25
First_Name_84,Last_Name_84,Position_828,2550,Department_12
First_Name_85,Last_Name_85,Position_358,3794,Department_68
First_Name_86,Last_Name_86,Position_738,1109,Department_32
First_Name_87,Last_Name_87,Position_912,3681,Department_68
First_Name_88,Last_Name_88,Position_665,1591,Department_81
First_Name_89,Last_Name_89,Position_49,4111,Department_23
First_Name_90,Last_Name_90,Position_913,3600,Department_12
First_Name_91,Last_Name_91,Position_294,2659,Department_80
First_Name_92,Last_Name_92,Position_440,1337,Department_22
First_Name_93,Last_Name_93,Position_260,1271,Department_18
First_Name_94,Last_Name_94,Position_825,4515,Department_97
First_Name_95,Last_Name_95,Position_136,1832,Department_41
First_Name_96,Last_Name_96,Position_877,4772,Department_66
First_Name_97,Last_Name_97,Position_887,3473,Department_71
First_Name_98,Last_Name_98,Position_162,4219,Department_67
First_Name_99,Last_Name_99,Position_582,2007,Department_17
First_Name_100,Last_Name_100,Position_226,4966,Department_84
First_Name_101,Last_Name_101,Position_453,1652,Department_67
First_Name_102,Last_Name_102,Position_975,1022,Department_80
First_Name_103,Last_Name_103,Position_801,4723,Department_18
First_Name_104,Last_Name_104,Position_243,4353,Department_55
First_Name_105,Last_Name_105,Position_756,2512,Department_44
First_Name_106,Last_Name_106,Position_371,1670,Department_36
First_Name_107,Last_Name_107,Position_393,2854,Department_23
First_Name_108,Last_Name_108,Position_714,3613,Department_7
First_Name_109,Last_Name_109,Position_367,3318,Department_82
First_Name_110,Last_Name_110,Position_271,1245,Department_45
First_Name_111,Last_Name_111,Position_814,3178,Department_25
First_Name_112,Last_Name_112,Position_624,4877,Department_47
First_Name_113,Last_Name_113,Position_702,4256,Department_57
First_Name_114,Last_Name_114,Position_550,1082,Department_46
First_Name_115,Last_Name_115,Position_801,1871,Department_21
First_Name_116,Last_Name_116,Position_775,1923,Department_45
First_Name_117,Last_Name_117,Position_861,1145,Department_34
First_Name_118,Last_Name_118,Position_13,4342,Department_8
First_Name_119,Last_Name_119,Position_930,3236,Department_1
First_Name_120,Last_Name_120,Position_918,1524,Department_83
First_Name_121,Last_Name_121,Position_998,2946,Department_87
First_Name_122,Last_Name_122,Position_86,1886,Department_59
First_Name_123,Last_Name_123,Position_123,3162,Department_91
First_Name_124,Last_Name_124,Position_856,4741,Department_11
First_Name_125,Last_Name_125,Position_91,1402,Department_37
First_Name_126,Last_Name_126,Position_630,4207,Department_73
First_Name_127,Last_Name_127,Position_734,4491,Department_91
First_Name_128,Last_Name_128,Position_14,3524,Department_37
First_Name_129,Last_Name_129,Position_388,4125,Department_51
First_Name_130,Last_Name_130,Position_360,3215,Department_7
First_Name_131,Last_Name_131,Position_443,4974,Department_54
First_Name_132,Last_Name_132,Position_922,1106,Department_83
First_Name_133,Last_Name_133,Position_452,2692,Department_73
First_Name_134,Last_Name_134,Position_762,1968,Department_79
First_Name_135,Last_Name_135,Position_755,1019,Department_17
First_Name_136,Last_Name_136,Position_305,3410,Department_33
First_Name_137,Last_Name_137,Position_175,1970,Department_66
First_Name_138,Last_Name_138,Position_422,4272,Department_23
First_Name_139,Last_Name_139,Position_39,3915,Department_15
First_Name_140,Last_Name_140,Position_261,2035,Department_94
First_Name_141,Last_Name_141,Position_36,4686,Department_54
First_Name_142,Last_Name_142,Position_895,3192,Department_90
First_Name_143,Last_Name_143,Position_988,2268,Department_53
First_Name_144,Last_Name_144,Position_388,4396,Department_34
First_Name_145,Last_Name_145,Position_662,1196,Department_30
First_Name_146,Last_Name_146,Position_361,4048,Department_57
First_Name_147,Last_Name_147,Position_199,1797,Department_78
First_Name_148,Last_Name_148,Position_97,1625,Department_93
First_Name_149,Last_Name_149,Position_61,2831,Department_18
First_Name_150,Last_Name_150,Position_64,3964,Department_60
First_Name_151,Last_Name_151,Position_335,3079,Department_9
First_Name_152,Last_Name_152,Position_285,4478,Department_15
First_Name_153,Last_Name_153,Position_394,2221,Department_97
First_Name_154,Last_Name_154,Position_961,2054,Department_35
First_Name_155,Last_Name_155,Position_348,4617,Department_39
First_Name_156,Last_Name_156,Position_768,4499,Department_5
First_Name_157,Last_Name_157,Position_382,1145,Department_30
First_Name_158,Last_Name_158,Position_671,4808,Department_77
First_Name_159,Last_Name_159,Position_453,3685,Department_35
First_Name_160,Last_Name_160,Position_675,2876,Department_35
First_Name_161,Last_Name_161,Position_52,3361,Department_64
First_Name_162,Last_Name_162,Position_182,3893,Department_54
First_Name_163,Last_Name_163,Position_111,4618,Department_4
First_Name_164,Last_Name_164,Position_349,4602,Department_85
First_Name_165,Last_Name_165,Position_471,2022,Department_72
First_Name_166,Last_Name_166,Position_576,1873,Department_52
First_Name_167,Last_Name_167,Position_530,1216,Department_76
First_Name_168,Last_Name_168,Position_917,3022,Department_60
First_Name_169,Last_Name_169,Position_555,1248,Department_64
First_Name_170,Last_Name_170,Position_236,2029,Department_65
First_Name_171,Last_Name_171,Position_501,2985,Department_82
First_Name_172,Last_Name_172,Position_917,3464,Department_57
First_Name_173,Last_Name_173,Position_813,4545,Department_37
First_Name_174,Last_Name_174,Position_746,1403,Department_75
First_Name_175,Last_Name_175,Position_72,1791,Department_26
First_Name_176,Last_Name_176,Position_964,1982,Department_88
First_Name_177,Last_Name_177,Position_307,1624,Department_60
First_Name_178,Last_Name_178,Position_256,3720,Department_23
First_Name_179,Last_Name_179,Position_605,1256,Department_75
First_Name_180,Last_Name_180,Position_399,4006,Department_52
First_Name_181,Last_Name_181,Position_483,1828,Department_48
First_Name_182,Last_Name_182,Position_136,1715,Department_14
First_Name_183,Last_Name_183,Position_309,4248,Department_11
First_Name_184,Last_Name_184,Position_995,3091,Department_69
First_Name_185,Last_Name_185,Position_617,1854,Department_46
First_Name_186,Last_Name_186,Position_12,2136,Department_30
First_Name_187,Last_Name_187,Position_662,1624,Department_81
First_Name_188,Last_Name_188,Position_353,3696,Department_43
First_Name_189,Last_Name_189,Position_673,2393,Department_64
First_Name_190,Last_Name_190,Position_768,4392,Department_47
First_Name_191,Last_Name_191,Position_24,1602,Department_97
First_Name_192,Last_Name_192,Position_574,1744,Department_22
First_Name_193,Last_Name_193,Position_370,2969,Department_46
First_Name_194,Last_Name_194,Position_292,4055,Department_90
First_Name_195,Last_Name_195,Position_910,2375,Department_37
First_Name_196,Last_Name_196,Position_365,2799,Department_11
First_Name_197,Last_Name_197,Position_379,4142,Department_37
First_Name_198,Last_Name_198,Position_878,4749,Department_49
First_Name_199,Last_Name_199,Position_743,2330,Department_73
First_Name_200,Last_Name_200,Position_306,4410,Department_56
First_Name_201,Last_Name_201,Position_937,3926,Department_31
First_Name_202,Last_Name_202,Position_212,1990,Department_3
First_Name_203,Last_Name_203,Position_447,2783,Department_84
First_Name_204,Last_Name_204,Position_479,2963,Department_76
First_Name_205,Last_Name_205,Position_50,2377,Department_7
First_Name_206,Last_Name_206,Position_821,3285,Department_21
First_Name_207,Last_Name_207,Position_6,3776,Department_44
First_Name_208,Last_Name_208,Position_27,1164,Department_89
First_Name_209,Last_Name_209,Position_785,4570,Department_5
First_Name_210,Last_Name_210,Position_138,1961,Department_42
First_Name_211,Last_Name_211,Position_757,2820,Department_20
First_Name_212,Last_Name_212,Position_91,1246,Department_29
First_Name_213,Last_Name_213,Position_570,1651,Department_81
First_Name_214,Last_Name_214,Position_787,4079,Department_65
First_Name_215,Last_Name_215,Position_528,4521,Department_85
First_Name_216,Last_Name_216,Position_805,1278,Department_88
First_Name_217,Last_Name_217,Position_553,4153,Department_64
First_Name_218,Last_Name_218,Position_449,1518,Department_44
First_Name_219,Last_Name_219,Position_921,4736,Department_4
First_Name_220,Last_Name_220,Position_371,4083,Department_34
First_Name_221,Last_Name_221,Position_405,1757,Department_39
First_Name_222,Last_Name_222,Position_230,4727,Department_27
First_Name_223,Last_Name_223,Position_238,3701,Department_11
First_Name_224,Last_Name_224,Position_386,4622,Department_33
First_Name_225,Last_Name_225,Position_572,4181,Department_88
First_Name_226,Last_Name_226,Position_422,3811,Department_80
First_Name_227,Last_Name_227,Position_726,1006,Department_4
First_Name_228,Last_Name_228,Position_738,2151,Department_99
First_Name_229,Last_Name_229,Position_539,4643,Department_12
First_Name_230,Last_Name_230,Position_680,1074,Department_18
First_Name_231,Last_Name_231,Position_518,3497,Department_35
First_Name_232,Last_Name_232,Position_25,1719,Department_42
First_Name_233,Last_Name_233,Position_608,2379,Department_79
First_Name_234,Last_Name_234,Position_890,1155,Department_52
First_Name_235,Last_Name_235,Position_386,4797,Department_14
First_Name_236,Last_Name_236,Position_892,2669,Department_28
First_Name_237,Last_Name_237,Position_680,2391,Department_72
First_Name_238,Last_Name_238,Position_793,3837,Department_1
First_Name_239,Last_Name_239,Position_620,2037,Department_78
First_Name_240,Last_Name_240,Position_354,1120,Department_42
First_Name_241,Last_Name_241,Position_578,1095,Department_25
First_Name_242,Last_Name_242,Position_494,2679,Department_86
First_Name_243,Last_Name_243,Position_389,2643,Department_23
First_Name_244,Last_Name_244,Position_880,4786,Department_73
First_Name_245,Last_Name_245,Position_347,2594,Department_10
First_Name_246,Last_Name_246,Position_462,4797,Department_23
First_Name_247,Last_Name_247,Position_338,1960,Department_95
First_Name_248,Last_Name_248,Position_254,3897,Department_35
First_Name_249,Last_Name_249,Position_534,3366,Department_65
First_Name_250,Last_Name_250,Position_173,4538,Department_46
First_Name_251,Last_Name_251,Position_482,1871,Department_9
First_Name_252,Last_Name_252,Position_479,2104,Department_67
First_Name_253,Last_Name_253,Position_531,3738,Department_45
First_Name_254,Last_Name_254,Position_936,3954,Department_9
First_Name_255,Last_Name_255,Position_801,2382,Department_6
First_Name_256,Last_Name_256,Position_465,1939,Department_25
First_Name_257,Last_Name_257,Position_64,4499,Department_20
First_Name_258,Last_Name_258,Position_296,4440,Department_92
First_Name_259,Last_Name_259,Position_942,4334,Department_20
First_Name_260,Last_Name_260,Position_864,4363,Department_42
First_Name_261,Last_Name_261,Position_567,2125,Department_10
First_Name_262,Last_Name_262,Position_274,2567,Department_42
First_Name_263,Last_Name_263,Position_507,1090,Department_7
First_Name_264,Last_Name_264,Position_829,1809,Department_79
First_Name_265,Last_Name_265,Position_971,2684,Department_32
First_Name_266,Last_Name_266,Position_80,2535,Department_38
First_Name_267,Last_Name_267,Position_757,4953,Department_2
First_Name_268,Last_Name_268,Position_544,4361,Department_76
First_Name_269,Last_Name_269,Position_925,4973,Department_68
First_Name_270,Last_Name_270,Position_135,3709,Department_39
First_Name_271,Last_Name_271,Position_456,2603,Department_78
First_Name_272,Last_Name_272,Position_793,1401,Department_63
First_Name_273,Last_Name_273,Position_39,4792,Department_28
First_Name_274,Last_Name_274,Position_522,4262,Department_98
First_Name_275,Last_Name_275,Position_903,2718,Department_81
First_Name_276,Last_Name_276,Position_379,2265,Department_25
First_Name_277,Last_Name_277,Position_258,1426,Department_90
First_Name_278,Last_Name_278,Position_516,3447,Department_12
First_Name_279,Last_Name_279,Position_31,3586,Department_15
First_Name_280,Last_Name_280,Position_602,1419,Department_87
First_Name_281,Last_Name_281,Position_356,2092,Department_7
First_Name_282,Last_Name_282,Position_568,2285,Department_44
First_Name_283,Last_Name_283,Position_12,3013,Department_28
First_Name_284,Last_Name_284,Position_865,1422,Department_30
First_Name_285,Last_Name_285,Position_149,1462,Department_2
First_Name_286,Last_Name_286,Position_199,4186,Department_23
First_Name_287,Last_Name_287,Position_835,4915,Department_41
First_Name_288,Last_Name_288,Position_667,2213,Department_58
First_Name_289,Last_Name_289,Position_552,1620,Department_93
First_Name_290,Last_Name_290,Position_252,3626,Department_10
First_Name_291,Last_Name_291,Position_668,4166,Department_82
First_Name_292,Last_Name_292,Position_332,2631,Department_43
First_Name_293,Last_Name_293,Position_354,1038,Department_53
First_Name_294,Last_Name_294,Position_90,1764,Department_46
First_Name_295,Last_Name_295,Position_50,3551,Department_76
First_Name_296,Last_Name_296,Position_908,3249,Department_44
First_Name_297,Last_Name_297,Position_922,2925,Department_16
First_Name_298,Last_Name_298,Position_176,1751,Department_88
First_Name_299,Last_Name_299,Position_17,1312,Department_2
First_Name_300,Last_Name_300,Position_972,1846,Department_10
First_Name_301,Last_Name_301,Position_550,2953,Department_52
First_Name_302,Last_Name_302,Position_773,1380,Department_71
First_Name_303,Last_Name_303,Position_697,2482,Department_6
First_Name_304,Last_Name_304,Position_896,3040,Department_3
First_Name_305,Last_Name_305,Position_349,1466,Department_9
First_Name_306,Last_Name_306,Position_256,3872,Department_75
First_Name_307,Last_Name_307,Position_123,1149,Department_47
First_Name_308,Last_Name_308,Position_173,1201,Department_59
First_Name_309,Last_Name_309,Position_543,2327,Department_4
First_Name_310,Last_Name_310,Position_41,4141,Department_93
First_Name_311,Last_Name_311,Position_773,4165,Department_2
First_Name_312,Last_Name_312,Position_132,2092,Department_59
First_Name_313,Last_Name_313,Position_50,4647,Department_6
First_Name_314,Last_Name_314,Position_122,1975,Department_18
First_Name_315,Last_Name_315,Position_740,2425,Department_53
First_Name_316,Last_Name_316,Position_625,3787,Department_19
First_Name_317,Last_Name_317,Position_784,1875,Department_8
First_Name_318,Last_Name_318,Position_472,3431,Department_7
First_Name_319,Last_Name_319,Position_183,2052,Department_8
First_Name_320,Last_Name_320,Position_705,4772,Department_4
First_Name_321,Last_Name_321,Position_442,4853,Department_96
First_Name_322,Last_Name_322,Position_991,3925,Department_71
First_Name_323,Last_Name_323,Position_160,1825,Department_68
First_Name_324,Last_Name_324,Position_250,1791,Department_20
First_Name_325,Last_Name_325,Position_603,2463,Department_3
First_Name_326,Last_Name_326,Position_203,1123,Department_4
First_Name_327,Last_Name_327,Position_846,2981,Department_67
First_Name_328,Last_Name_328,Position_167,3834,Department_13
First_Name_329,Last_Name_329,Position_322,3743,Department_30
First_Name_330,Last_Name_330,Position_735,4707,Department_65
First_Name_331,Last_Name_331,Position_503,4085,Department_41
First_Name_332,Last_Name_332,Position_927,2527,Department_31
First_Name_333,Last_Name_333,Position_62,1006,Department_86
First_Name_334,Last_Name_334,Position_921,1486,Department_65
First_Name_335,Last_Name_335,Position_928,3077,Department_42
First_Name_336,Last_Name_336,Position_58,4430,Department_14
First_Name_337,Last_Name_337,Position_80,4535,Department_36
First_Name_338,Last_Name_338,Position_903,3158,Department_34
First_Name_339,Last_Name_339,Position_710,4875,Department_41
First_Name_340,Last_Name_340,Position_625,4079,Department_51
First_Name_341,Last_Name_341,Position_183,3755,Department_79
First_Name_342,Last_Name_342,Position_848,4151,Department_87
First_Name_343,Last_Name_343,Position_39,4536,Department_73
First_Name_344,Last_Name_344,Position_512,1636,Department_99
First_Name_345,Last_Name_345,Position_638,4819,Department_19
First_Name_346,Last_Name_346,Position_21,3994,Department_9
First_Name_347,Last_Name_347,Position_661,1738,Department_63
First_Name_348,Last_Name_348,Position_712,1864,Department_78
First_Name_349,Last_Name_349,Position_5,4803,Department_32
First_Name_350,Last_Name_350,Position_61,4874,Department_60
First_Name_351,Last_Name_351,Position_9,1644,Department_53
First_Name_352,Last_Name_352,Position_806,1501,Department_17
First_Name_353,Last_Name_353,Position_974,4056,Department_79
First_Name_354,Last_Name_354,Position_584,2887,Department_44
First_Name_355,Last_Name_355,Position_608,2100,Department_50
First_Name_356,Last_Name_356,Position_159,4688,Department_49
First_Name_357,Last_Name_357,Position_99,3301,Department_21
First_Name_358,Last_Name_358,Position_845,3502,Department_58
First_Name_359,Last_Name_359,Position_353,4576,Department_4
First_Name_360,Last_Name_360,Position_223,1248,Department_71
First_Name_361,Last_Name_361,Position_21,1310,Department_97
First_Name_362,Last_Name_362,Position_424,1460,Department_57
First_Name_363,Last_Name_363,Position_507,4521,Department_76
First_Name_364,Last_Name_364,Position_465,4756,Department_14
First_Name_365,Last_Name_365,Position_673,3812,Department_92
First_Name_366,Last_Name_366,Position_914,3413,Department_70
First_Name_367,Last_Name_367,Position_180,1490,Department_32
First_Name_368,Last_Name_368,Position_438,3337,Department_21
First_Name_369,Last_Name_369,Position_559,4872,Department_64
First_Name_370,Last_Name_370,Position_943,3161,Department_40
First_Name_371,Last_Name_371,Position_2,3714,Department_6
First_Name_372,Last_Name_372,Position_864,4196,Department_21
First_Name_373,Last_Name_373,Position_762,4790,Department_19
First_Name_374,Last_Name_374,Position_142,2941,Department_62
First_Name_375,Last_Name_375,Position_372,3520,Department_77
First_Name_376,Last_Name_376,Position_797,4536,Department_10
First_Name_377,Last_Name_377,Position_670,1863,Department_23
First_Name_378,Last_Name_378,Position_296,1203,Department_15
First_Name_379,Last_Name_379,Position_304,4747,Department_23
First_Name_380,Last_Name_380,Position_550,3964,Department_48
First_Name_381,Last_Name_381,Position_917,4618,Department_92
First_Name_382,Last_Name_382,Position_398,3762,Department_40
First_Name_383,Last_Name_383,Position_347,1905,Department_71
First_Name_384,Last_Name_384,Position_772,1391,Department_19
First_Name_385,Last_Name_385,Position_583,1522,Department_30
First_Name_386,Last_Name_386,Position_573,3832,Department_12
First_Name_387,Last_Name_387,Position_804,1216,Department_22
First_Name_388,Last_Name_388,Position_256,2543,Department_86
First_Name_389,Last_Name_389,Position_146,2550,Department_38
First_Name_390,Last_Name_390,Position_956,3421,Department_52
First_Name_391,Last_Name_391,Position_812,1609,Department_15
First_Name_392,Last_Name_392,Position_341,4318,Department_36
First_Name_393,Last_Name_393,Position_750,1449,Department_65
First_Name_394,Last_Name_394,Position_446,4344,Department_80
First_Name_395,Last_Name_395,Position_787,1868,Department_68
First_Name_396,Last_Name_396,Position_475,1795,Department_81
First_Name_397,Last_Name_397,Position_359,1318,Department_17
First_Name_398,Last_Name_398,Position_715,2175,Department_16
First_Name_399,Last_Name_399,Position_605,2262,Department_83
First_Name_400,Last_Name_400,Position_558,1190,Department_37
First_Name_401,Last_Name_401,Position_694,1037,Department_45
First_Name_402,Last_Name_402,Position_734,2792,Department_19
First_Name_403,Last_Name_403,Position_580,1693,Department_11
First_Name_404,Last_Name_404,Position_919,1726,Department_50
First_Name_405,Last_Name_405,Position_335,1756,Department_71
First_Name_406,Last_Name_406,Position_662,4903,Department_49
First_Name_407,Last_Name_407,Position_951,3695,Department_81
First_Name_408,Last_Name_408,Position_999,2550,Department_65
First_Name_409,Last_Name_409,Position_846,3843,Department_65
First_Name_410,Last_Name_410,Position_744,3695,Department_23
First_Name_411,Last_Name_411,Position_895,4433,Department_80
First_Name_412,Last_Name_412,Position_189,2688,Department_6
First_Name_413,Last_Name_413,Position_811,1890,Department_9
First_Name_414,Last_Name_414,Position_337,1436,Department_31
First_Name_415,Last_Name_415,Position_518,4990,Department_20
First_Name_416,Last_Name_416,Position_635,1213,Department_31
First_Name_417,Last_Name_417,Position_522,2461,Department_89
First_Name_418,Last_Name_418,Position_532,1156,Department_87
First_Name_419,Last_Name_419,Position_962,4198,Department_37
First_Name_420,Last_Name_420,Position_171,4801,Department_27
First_Name_421,Last_Name_421,Position_616,2558,Department_32
First_Name_422,Last_Name_422,Position_302,2130,Department_40
First_Name_423,Last_Name_423,Position_398,4728,Department_94
First_Name_424,Last_Name_424,Position_481,1669,Department_28
First_Name_425,Last_Name_425,Position_549,3450,Department_2
First_Name_426,Last_Name_426,Position_530,4397,Department_89
First_Name_427,Last_Name_427,Position_354,2699,Department_41
First_Name_428,Last_Name_428,Position_743,3037,Department_55
First_Name_429,Last_Name_429,Position_729,3653,Department_44
First_Name_430,Last_Name_430,Position_734,3128,Department_89
First_Name_431,Last_Name_431,Position_962,1618,Department_81
First_Name_432,Last_Name_432,Position_92,1488,Department_18
First_Name_433,Last_Name_433,Position_523,3094,Department_26
First_Name_434,Last_Name_434,Position_931,2777,Department_99
First_Name_435,Last_Name_435,Position_497,3190,Department_42
First_Name_436,Last_Name_436,Position_876,4460,Department_99
First_Name_437,Last_Name_437,Position_385,2521,Department_2
First_Name_438,Last_Name_438,Position_723,1124,Department_11
First_Name_439,Last_Name_439,Position_722,4120,Department_86
First_Name_440,Last_Name_440,Position_39,2170,Department_68
First_Name_441,Last_Name_441,Position_246,3447,Department_2
First_Name_442,Last_Name_442,Position_255,4952,Department_63
First_Name_443,Last_Name_443,Position_664,3711,Department_75
First_Name_444,Last_Name_444,Position_109,1053,Department_36
First_Name_445,Last_Name_445,Position_161,4689,Department_22
First_Name_446,Last_Name_446,Position_105,2446,Department_8
First_Name_447,Last_Name_447,Position_416,1952,Department_83
First_Name_448,Last_Name_448,Position_583,3496,Department_73
First_Name_449,Last_Name_449,Position_866,1767,Department_63
First_Name_450,Last_Name_450,Position_851,4095,Department_63
First_Name_451,Last_Name_451,Position_744,3927,Department_16
First_Name_452,Last_Name_452,Position_284,4687,Department_90
First_Name_453,Last_Name_453,Position_417,4053,Department_22
First_Name_454,Last_Name_454,Position_79,4879,Department_13
First_Name_455,Last_Name_455,Position_540,3086,Department_80
First_Name_456,Last_Name_456,Position_152,2941,Department_70
First_Name_457,Last_Name_457,Position_949,3170,Department_32
First_Name_458,Last_Name_458,Position_382,1396,Department_25
First_Name_459,Last_Name_459,Position_289,4268,Department_96
First_Name_460,Last_Name_460,Position_208,1104,Department_21
First_Name_461,Last_Name_461,Position_330,1508,Department_73
First_Name_462,Last_Name_462,Position_410,3448,Department_13
First_Name_463,Last_Name_463,Position_66,3991,Department_72
First_Name_464,Last_Name_464,Position_969,3470,Department_25
First_Name_465,Last_Name_465,Position_30,1455,Department_10
First_Name_466,Last_Name_466,Position_602,4965,Department_33
First_Name_467,Last_Name_467,Position_517,4310,Department_82
First_Name_468,Last_Name_468,Position_4,4015,Department_67
First_Name_469,Last_Name_469,Position_313,2244,Department_68
First_Name_470,Last_Name_470,Position_751,4528,Department_63
First_Name_471,Last_Name_471,Position_416,2689,Department_85
First_Name_472,Last_Name_472,Position_375,4666,Department_42
First_Name_473,Last_Name_473,Position_572,3832,Department_34
First_Name_474,Last_Name_474,Position_930,2870,Department_89
First_Name_475,Last_Name_475,Position_800,2664,Department_30
First_Name_476,Last_Name_476,Position_784,4461,Department_89
First_Name_477,Last_Name_477,Position_72,1838,Department_2
First_Name_478,Last_Name_478,Position_931,1879,Department_51
First_Name_479,Last_Name_479,Position_484,4032,Department_33
First_Name_480,Last_Name_480,Position_140,3772,Department_94
First_Name_481,Last_Name_481,Position_410,1626,Department_69
First_Name_482,Last_Name_482,Position_411,3327,Department_58
First_Name_483,Last_Name_483,Position_420,2389,Department_23
First_Name_484,Last_Name_484,Position_579,1191,Department_55
First_Name_485,Last_Name_485,Position_529,3160,Department_56
First_Name_486,Last_Name_486,Position_900,4036,Department_74
First_Name_487,Last_Name_487,Position_201,1781,Department_61
First_Name_488,Last_Name_488,Position_143,3844,Department_20
First_Name_489,Last_Name_489,Position_473,3807,Department_18
First_Name_490,Last_Name_490,Position_177,3395,Department_90
First_Name_491,Last_Name_491,Position_626,1683,Department_24
First_Name_492,Last_Name_492,Position_995,1687,Department_57
First_Name_493,Last_Name_493,Position_206,4095,Department_65
First_Name_494,Last_Name_494,Position_131,4109,Department_70
First_Name_495,Last_Name_495,Position_418,2346,Department_10
First_Name_496,Last_Name_496,Position_971,2646,Department_70
First_Name_497,Last_Name_497,Position_149,1471,Department_86
First_Name_498,Last_Name_498,Position_875,4699,Department_38
First_Name_499,Last_Name_499,Position_639,1287,Department_54
First_Name_500,Last_Name_500,Position_521,1621,Department_36
First_Name_501,Last_Name_501,Position_627,1696,Department_96
First_Name_502,Last_Name_502,Position_60,3395,Department_97
First_Name_503,Last_Name_503,Position_2,3084,Department_21
First_Name_504,Last_Name_504,Position_505,3741,Department_52
First_Name_505,Last_Name_505,Position_468,3117,Department_44
First_Name_506,Last_Name_506,Position_310,3763,Department_56
First_Name_507,Last_Name_507,Position_399,3887,Department_96
First_Name_508,Last_Name_508,Position_238,4885,Department_13
First_Name_509,Last_Name_509,Position_979,1261,Department_59
First_Name_510,Last_Name_510,Position_445,2336,Department_65
First_Name_511,Last_Name_511,Position_142,1664,Department_87
First_Name_512,Last_Name_512,Position_714,3139,Department_43
First_Name_513,Last_Name_513,Position_553,2300,Department_26
First_Name_514,Last_Name_514,Position_720,2920,Department_72
First_Name_515,Last_Name_515,Position_614,3744,Department_96
First_Name_516,Last_Name_516,Position_638,4667,Department_46
First_Name_517,Last_Name_517,Position_391,4793,Department_86
First_Name_518,Last_Name_518,Position_97,3884,Department_77
First_Name_519,Last_Name_519,Position_880,4541,Department_73
First_Name_520,Last_Name_520,Position_815,1824,Department_57
First_Name_521,Last_Name_521,Position_297,1026,Department_51
First_Name_522,Last_Name_522,Position_710,1555,Department_54
First_Name_523,Last_Name_523,Position_346,3609,Department_19
First_Name_524,Last_Name_524,Position_365,2246,Department_91
First_Name_525,Last_Name_525,Position_708,4383,Department_96
First_Name_526,Last_Name_526,Position_675,4942,Department_85
First_Name_527,Last_Name_527,Position_556,1510,Department_12
First_Name_528,Last_Name_528,Position_745,3303,Department_12
First_Name_529,Last_Name_529,Position_120,1419,Department_5
First_Name_530,Last_Name_530,Position_411,3182,Department_32
First_Name_531,Last_Name_531,Position_406,2443,Department_10
First_Name_532,Last_Name_532,Position_537,1042,Department_77
First_Name_533,Last_Name_533,Position_973,3040,Department_44
First_Name_534,Last_Name_534,Position_243,4202,Department_19
First_Name_535,Last_Name_535,Position_150,3695,Department_36
First_Name_536,Last_Name_536,Position_28,3831,Department_75
First_Name_537,Last_Name_537,Position_531,4104,Department_64
First_Name_538,Last_Name_538,Position_271,2121,Department_81
First_Name_539,Last_Name_539,Position_526,3845,Department_36
First_Name_540,Last_Name_540,Position_892,2649,Department_30
First_Name_541,Last_Name_541,Position_359,3172,Department_86
First_Name_542,Last_Name_542,Position_141,1608,Department_17
First_Name_543,Last_Name_543,Position_915,3918,Department_48
First_Name_544,Last_Name_544,Position_189,3952,Department_23
First_Name_545,Last_Name_545,Position_606,2292,Department_91
First_Name_546,Last_Name_546,Position_372,3036,Department_30
First_Name_547,Last_Name_547,Position_696,2091,Department_44
First_Name_548,Last_Name_548,Position_441,4503,Department_42
First_Name_549,Last_Name_549,Position_380,4246,Department_23
First_Name_550,Last_Name_550,Position_847,3078,Department_63
First_Name_551,Last_Name_551,Position_611,2280,Department_35
First_Name_552,Last_Name_552,Position_798,1308,Department_97
First_Name_553,Last_Name_553,Position_487,3646,Department_71
First_Name_554,Last_Name_554,Position_499,3133,Department_18
First_Name_555,Last_Name_555,Position_246,1669,Department_54
First_Name_556,Last_Name_556,Position_708,3535,Department_87
First_Name_557,Last_Name_557,Position_311,3977,Department_36
First_Name_558,Last_Name_558,Position_515,3961,Department_85
First_Name_559,Last_Name_559,Position_693,3135,Department_15
First_Name_560,Last_Name_560,Position_165,4025,Department_89
First_Name_561,Last_Name_561,Position_299,3623,Department_5
First_Name_562,Last_Name_562,Position_169,4400,Department_24
First_Name_563,Last_Name_563,Position_638,2494,Department_24
First_Name_564,Last_Name_564,Position_980,4049,Department_67
First_Name_565,Last_Name_565,Position_442,2220,Department_23
First_Name_566,Last_Name_566,Position_719,3386,Department_27
First_Name_567,Last_Name_567,Position_810,3482,Department_87
First_Name_568,Last_Name_568,Position_384,1489,Department_68
First_Name_569,Last_Name_569,Position_273,4678,Department_57
First_Name_570,Last_Name_570,Position_589,1396,Department_87
First_Name_571,Last_Name_571,Position_506,3046,Department_74
First_Name_572,Last_Name_572,Position_502,1685,Department_11
First_Name_573,Last_Name_573,Position_863,1689,Department_61
First_Name_574,Last_Name_574,Position_526,4359,Department_90
First_Name_575,Last_Name_575,Position_383,2190,Department_96
First_Name_576,Last_Name_576,Position_974,2090,Department_46
First_Name_577,Last_Name_577,Position_688,3996,Department_41
First_Name_578,Last_Name_578,Position_194,3471,Department_39
First_Name_579,Last_Name_579,Position_434,4079,Department_55
First_Name_580,Last_Name_580,Position_857,1524,Department_25
First_Name_581,Last_Name_581,Position_514,4776,Department_11
First_Name_582,Last_Name_582,Position_513,4303,Department_96
First_Name_583,Last_Name_583,Position_21,4462,Department_67
First_Name_584,Last_Name_584,Position_131,2293,Department_49
First_Name_585,Last_Name_585,Position_50,1894,Department_45
First_Name_586,Last_Name_586,Position_764,1179,Department_73
First_Name_587,Last_Name_587,Position_784,2068,Department_43
First_Name_588,Last_Name_588,Position_292,3765,Department_84
First_Name_589,Last_Name_589,Position_53,2318,Department_4
First_Name_590,Last_Name_590,Position_170,2005,Department_1
First_Name_591,Last_Name_591,Position_785,4893,Department_5
First_Name_592,Last_Name_592,Position_948,1384,Department_22
First_Name_593,Last_Name_593,Position_284,2259,Department_16
First_Name_594,Last_Name_594,Position_678,2969,Department_87
First_Name_595,Last_Name_595,Position_207,4429,Department_43
First_Name_596,Last_Name_596,Position_401,1830,Department_15
First_Name_597,Last_Name_597,Position_21,2669,Department_24
First_Name_598,Last_Name_598,Position_290,2821,Department_7
First_Name_599,Last_Name_599,Position_221,3363,Department_96
First_Name_600,Last_Name_600,Position_4,2634,Department_30
First_Name_601,Last_Name_601,Position_55,2258,Department_47
First_Name_602,Last_Name_602,Position_533,1843,Department_57
First_Name_603,Last_Name_603,Position_455,3254,Department_82
First_Name_604,Last_Name_604,Position_824,4029,Department_46
First_Name_605,Last_Name_605,Position_832,3848,Department_31
First_Name_606,Last_Name_606,Position_856,2646,Department_82
First_Name_607,Last_Name_607,Position_252,2444,Department_41
First_Name_608,Last_Name_608,Position_525,1332,Department_47
First_Name_609,Last_Name_609,Position_561,3953,Department_19
First_Name_610,Last_Name_610,Position_736,1658,Department_79
First_Name_611,Last_Name_611,Position_843,3715,Department_35
First_Name_612,Last_Name_612,Position_632,4002,Department_97
First_Name_613,Last_Name_613,Position_130,2556,Department_95
First_Name_614,Last_Name_614,Position_101,4062,Department_83
First_Name_615,Last_Name_615,Position_494,3572,Department_72
First_Name_616,Last_Name_616,Position_797,2946,Department_4
First_Name_617,Last_Name_617,Position_98,1099,Department_75
First_Name_618,Last_Name_618,Position_566,2501,Department_84
First_Name_619,Last_Name_619,Position_915,2991,Department_69
First_Name_620,Last_Name_620,Position_66,1375,Department_20
First_Name_621,Last_Name_621,Position_388,4799,Department_95
First_Name_622,Last_Name_622,Position_124,1695,Department_70
First_Name_623,Last_Name_623,Position_906,3190,Department_59
First_Name_624,Last_Name_624,Position_439,3499,Department_2
First_Name_625,Last_Name_625,Position_644,4893,Department_63
First_Name_626,Last_Name_626,Position_998,4548,Department_89
First_Name_627,Last_Name_627,Position_547,2168,Department_38
First_Name_628,Last_Name_628,Position_78,3614,Department_58
First_Name_629,Last_Name_629,Position_447,1898,Department_78
First_Name_630,Last_Name_630,Position_528,4594,Department_25
First_Name_631,Last_Name_631,Position_328,4827,Department_18
First_Name_632,Last_Name_632,Position_783,3997,Department_23
First_Name_633,Last_Name_633,Position_485,2322,Department_53
First_Name_634,Last_Name_634,Position_465,3356,Department_50
First_Name_635,Last_Name_635,Position_54,1817,Department_59
First_Name_636,Last_Name_636,Position_797,1376,Department_72
First_Name_637,Last_Name_637,Position_970,1766,Department_64
First_Name_638,Last_Name_638,Position_841,1659,Department_83
First_Name_639,Last_Name_639,Position_725,3817,Department_28
First_Name_640,Last_Name_640,Position_707,4511,Department_97
First_Name_641,Last_Name_641,Position_64,1339,Department_12
First_Name_642,Last_Name_642,Position_120,2938,Department_93
First_Name_643,Last_Name_643,Position_722,2131,Department_79
First_Name_644,Last_Name_644,Position_309,2665,Department_13
First_Name_645,Last_Name_645,Position_240,4704,Department_5
First_Name_646,Last_Name_646,Position_104,1054,Department_45
First_Name_647,Last_Name_647,Position_502,4155,Department_37
First_Name_648,Last_Name_648,Position_309,2841,Department_79
First_Name_649,Last_Name_649,Position_234,4168,Department_77
First_Name_650,Last_Name_650,Position_976,4880,Department_14
First_Name_651,Last_Name_651,Position_257,4154,Department_49
First_Name_652,Last_Name_652,Position_371,3017,Department_44
First_Name_653,Last_Name_653,Position_578,1187,Department_80
First_Name_654,Last_Name_654,Position_829,2513,Department_69
First_Name_655,Last_Name_655,Position_635,4189,Department_25
First_Name_656,Last_Name_656,Position_117,1694,Department_55
First_Name_657,Last_Name_657,Position_490,3475,Department_9
First_Name_658,Last_Name_658,Position_649,2654,Department_26
First_Name_659,Last_Name_659,Position_792,3251,Department_34
First_Name_660,Last_Name_660,Position_522,4566,Department_95
First_Name_661,Last_Name_661,Position_353,1235,Department_19
First_Name_662,Last_Name_662,Position_658,1047,Department_35
First_Name_663,Last_Name_663,Position_98,3869,Department_8
First_Name_664,Last_Name_664,Position_725,4211,Department_37
First_Name_665,Last_Name_665,Position_241,1919,Department_7
First_Name_666,Last_Name_666,Position_414,4675,Department_66
First_Name_667,Last_Name_667,Position_790,3132,Department_98
First_Name_668,Last_Name_668,Position_44,2518,Department_53
First_Name_669,Last_Name_669,Position_847,1988,Department_97
First_Name_670,Last_Name_670,Position_990,2144,Department_60
First_Name_671,Last_Name_671,Position_273,1937,Department_42
First_Name_672,Last_Name_672,Position_336,1310,Department_54
First_Name_673,Last_Name_673,Position_194,2006,Department_8
First_Name_674,Last_Name_674,Position_823,1794,Department_58
First_Name_675,Last_Name_675,Position_399,1077,Department_47
First_Name_676,Last_Name_676,Position_24,1320,Department_81
First_Name_677,Last_Name_677,Position_189,2336,Department_33
First_Name_678,Last_Name_678,Position_825,2241,Department_10
First_Name_679,Last_Name_679,Position_626,3362,Department_48
First_Name_680,Last_Name_680,Position_499,3914,Department_82
First_Name_681,Last_Name_681,Position_989,4995,Department_8
First_Name_682,Last_Name_682,Position_305,1948,Department_92
First_Name_683,Last_Name_683,Position_664,3174,Department_66
First_Name_684,Last_Name_684,Position_814,2917,Department_46
First_Name_685,Last_Name_685,Position_423,3804,Department_74
First_Name_686,Last_Name_686,Position_746,1264,Department_17
First_Name_687,Last_Name_687,Position_159,1481,Department_66
First_Name_688,Last_Name_688,Position_720,2614,Department_93
First_Name_689,Last_Name_689,Position_192,4038,Department_14
First_Name_690,Last_Name_690,Position_8,1079,Department_41
First_Name_691,Last_Name_691,Position_414,3733,Department_81
First_Name_692,Last_Name_692,Position_651,1488,Department_14
First_Name_693,Last_Name_693,Position_136,2144,Department_75
First_Name_694,Last_Name_694,Position_985,4303,Department_96
First_Name_695,Last_Name_695,Position_834,1753,Department_63
First_Name_696,Last_Name_696,Position_571,3752,Department_92
First_Name_697,Last_Name_697,Position_609,4958,Department_78
First_Name_698,Last_Name_698,Position_344,2723,Department_19
First_Name_699,Last_Name_699,Position_288,4165,Department_59
First_Name_700,Last_Name_700,Position_252,4532,Department_24
First_Name_701,Last_Name_701,Position_980,3078,Department_10
First_Name_702,Last_Name_702,Position_646,1544,Department_68
First_Name_703,Last_Name_703,Position_793,1851,Department_19
First_Name_704,Last_Name_704,Position_386,1911,Department_38
First_Name_705,Last_Name_705,Position_754,3216,Department_67
First_Name_706,Last_Name_706,Position_343,1341,Department_80
First_Name_707,Last_Name_707,Position_102,2418,Department_51
First_Name_708,Last_Name_708,Position_238,4615,Department_67
First_Name_709,Last_Name_709,Position_955,3389,Department_21
First_Name_710,Last_Name_710,Position_591,2980,Department_61
First_Name_711,Last_Name_711,Position_306,2656,Department_26
First_Name_712,Last_Name_712,Position_241,2460,Department_2
First_Name_713,Last_Name_713,Position_411,4450,Department_31
First_Name_714,Last_Name_714,Position_211,3286,Department_69
First_Name_715,Last_Name_715,Position_716,2566,Department_33
First_Name_716,Last_Name_716,Position_626,2958,Department_13
First_Name_717,Last_Name_717,Position_542,1955,Department_86
First_Name_718,Last_Name_718,Position_24,2317,Department_14
First_Name_719,Last_Name_719,Position_940,1798,Department_36
First_Name_720,Last_Name_720,Position_824,3690,Department_46
First_Name_721,Last_Name_721,Position_338,2800,Department_78
First_Name_722,Last_Name_722,Position_596,4893,Department_74
First_Name_723,Last_Name_723,Position_903,2238,Department_34
First_Name_724,Last_Name_724,Position_163,2287,Department_84
First_Name_725,Last_Name_725,Position_287,2487,Department_59
First_Name_726,Last_Name_726,Position_501,1912,Department_4
First_Name_727,Last_Name_727,Position_728,1195,Department_75
First_Name_728,Last_Name_728,Position_216,4061,Department_8
First_Name_729,Last_Name_729,Position_927,3384,Department_95
First_Name_730,Last_Name_730,Position_705,4010,Department_30
First_Name_731,Last_Name_731,Position_499,2921,Department_88
First_Name_732,Last_Name_732,Position_994,4737,Department_10
First_Name_733,Last_Name_733,Position_353,3159,Department_64
First_Name_734,Last_Name_734,Position_84,2847,Department_24
First_Name_735,Last_Name_735,Position_413,3810,Department_64
First_Name_736,Last_Name_736,Position_217,3915,Department_17
First_Name_737,Last_Name_737,Position_239,2161,Department_27
First_Name_738,Last_Name_738,Position_368,3684,Department_11
First_Name_739,Last_Name_739,Position_79,1080,Department_50
First_Name_740,Last_Name_740,Position_343,2293,Department_9
First_Name_741,Last_Name_741,Position_952,1554,Department_66
First_Name_742,Last_Name_742,Position_124,3475,Department_96
First_Name_743,Last_Name_743,Position_361,4376,Department_76
First_Name_744,Last_Name_744,Position_107,3987,Department_35
First_Name_745,Last_Name_745,Position_313,3986,Department_48
First_Name_746,Last_Name_746,Position_662,3117,Department_25
First_Name_747,Last_Name_747,Position_430,1432,Department_37
First_Name_748,Last_Name_748,Position_958,1856,Department_76
First_Name_749,Last_Name_749,Position_616,4408,Department_59
First_Name_750,Last_Name_750,Position_71,2968,Department_2
First_Name_751,Last_Name_751,Position_330,4225,Department_21
First_Name_752,Last_Name_752,Position_908,1428,Department_43
First_Name_753,Last_Name_753,Position_668,3935,Department_71
First_Name_754,Last_Name_754,Position_848,2528,Department_14
First_Name_755,Last_Name_755,Position_888,4908,Department_25
First_Name_756,Last_Name_756,Position_245,4584,Department_51
First_Name_757,Last_Name_757,Position_78,3690,Department_39
First_Name_758,Last_Name_758,Position_153,2098,Department_70
First_Name_759,Last_Name_759,Position_731,4419,Department_38
First_Name_760,Last_Name_760,Position_324,3905,Department_77
First_Name_761,Last_Name_761,Position_681,1168,Department_40
First_Name_762,Last_Name_762,Position_506,1680,Department_24
First_Name_763,Last_Name_763,Position_720,1683,Department_19
First_Name_764,Last_Name_764,Position_246,1000,Department_38
First_Name_765,Last_Name_765,Position_299,1233,Department_45
First_Name_766,Last_Name_766,Position_720,1693,Department_18
First_Name_767,Last_Name_767,Position_35,4553,Department_86
First_Name_768,Last_Name_768,Position_8,2104,Department_10
First_Name_769,Last_Name_769,Position_205,4694,Department_34
First_Name_770,Last_Name_770,Position_500,2131,Department_64
First_Name_771,Last_Name_771,Position_431,1611,Department_53
First_Name_772,Last_Name_772,Position_85,3423,Department_57
First_Name_773,Last_Name_773,Position_480,4760,Department_56
First_Name_774,Last_Name_774,Position_280,3147,Department_60
First_Name_775,Last_Name_775,Position_863,1010,Department_19
First_Name_776,Last_Name_776,Position_305,1992,Department_23
First_Name_777,Last_Name_777,Position_72,1111,Department_89
First_Name_778,Last_Name_778,Position_666,1687,Department_93
First_Name_779,Last_Name_779,Position_417,3158,Department_80
First_Name_780,Last_Name_780,Position_639,1786,Department_31
First_Name_781,Last_Name_781,Position_315,1534,Department_51
First_Name_782,Last_Name_782,Position_719,4334,Department_88
First_Name_783,Last_Name_783,Position_321,4306,Department_34
First_Name_784,Last_Name_784,Position_94,1096,Department_60
First_Name_785,Last_Name_785,Position_926,1358,Department_91
First_Name_786,Last_Name_786,Position_717,2005,Department_7
First_Name_787,Last_Name_787,Position_7,3162,Department_85
First_Name_788,Last_Name_788,Position_732,1139,Department_86
First_Name_789,Last_Name_789,Position_694,4043,Department_30
First_Name_790,Last_Name_790,Position_734,1634,Department_72
First_Name_791,Last_Name_791,Position_146,1887,Department_1
First_Name_792,Last_Name_792,Position_832,2745,Department_92
First_Name_793,Last_Name_793,Position_937,3486,Department_64
First_Name_794,Last_Name_794,Position_286,2004,Department_71
First_Name_795,Last_Name_795,Position_68,1820,Department_7
First_Name_796,Last_Name_796,Position_985,1566,Department_93
First_Name_797,Last_Name_797,Position_958,3690,Department_80
First_Name_798,Last_Name_798,Position_721,2721,Department_45
First_Name_799,Last_Name_799,Position_365,3691,Department_91
First_Name_800,Last_Name_800,Position_250,1906,Department_48
First_Name_801,Last_Name_801,Position_617,2823,Department_80
First_Name_802,Last_Name_802,Position_394,2271,Department_38
First_Name_803,Last_Name_803,Position_49,1958,Department_11
First_Name_804,Last_Name_804,Position_98,3183,Department_26
First_Name_805,Last_Name_805,Position_287,3860,Department_88
First_Name_806,Last_Name_806,Position_633,3361,Department_67
First_Name_807,Last_Name_807,Position_173,4489,Department_19
First_Name_808,Last_Name_808,Position_340,1867,Department_81
First_Name_809,Last_Name_809,Position_729,2965,Department_56
First_Name_810,Last_Name_810,Position_339,4297,Department_89
First_Name_811,Last_Name_811,Position_292,2439,Department_29
First_Name_812,Last_Name_812,Position_327,4676,Department_67
First_Name_813,Last_Name_813,Position_420,4628,Department_21
First_Name_814,Last_Name_814,Position_346,2264,Department_93
First_Name_815,Last_Name_815,Position_784,2182,Department_93
First_Name_816,Last_Name_816,Position_133,4071,Department_11
First_Name_817,Last_Name_817,Position_427,2047,Department_80
First_Name_818,Last_Name_818,Position_984,3893,Department_66
First_Name_819,Last_Name_819,Position_823,1957,Department_86
First_Name_820,Last_Name_820,Position_307,1758,Department_18
First_Name_821,Last_Name_821,Position_202,2466,Department_20
First_Name_822,Last_Name_822,Position_9,2113,Department_50
First_Name_823,Last_Name_823,Position_554,3136,Department_74
First_Name_824,Last_Name_824,Position_887,2480,Department_51
First_Name_825,Last_Name_825,Position_256,2806,Department_6
First_Name_826,Last_Name_826,Position_119,1260,Department_83
First_Name_827,Last_Name_827,Position_242,3983,Department_71
First_Name_828,Last_Name_828,Position_448,3655,Department_72
First_Name_829,Last_Name_829,Position_116,3733,Department_32
First_Name_830,Last_Name_830,Position_575,3685,Department_82
First_Name_831,Last_Name_831,Position_766,2546,Department_6
First_Name_832,Last_Name_832,Position_978,3487,Department_57
First_Name_833,Last_Name_833,Position_731,2375,Department_2
First_Name_834,Last_Name_834,Position_135,1459,Department_14
First_Name_835,Last_Name_835,Position_533,2984,Department_19
First_Name_836,Last_Name_836,Position_566,2554,Department_96
First_Name_837,Last_Name_837,Position_814,1599,Department_92
First_Name_838,Last_Name_838,Position_50,3970,Department_94
First_Name_839,Last_Name_839,Position_628,4627,Department_30
First_Name_840,Last_Name_840,Position_14,2533,Department_72
First_Name_841,Last_Name_841,Position_171,2035,Department_38
First_Name_842,Last_Name_842,Position_647,4459,Department_46
First_Name_843,Last_Name_843,Position_548,1736,Department_24
First_Name_844,Last_Name_844,Position_481,3241,Department_58
First_Name_845,Last_Name_845,Position_421,1645,Department_64
First_Name_846,Last_Name_846,Position_694,2486,Department_40
First_Name_847,Last_Name_847,Position_395,2728,Department_23
First_Name_848,Last_Name_848,Position_816,2609,Department_13
First_Name_849,Last_Name_849,Position_778,3283,Department_10
First_Name_850,Last_Name_850,Position_13,4443,Department_25
First_Name_851,Last_Name_851,Position_689,4708,Department_65
First_Name_852,Last_Name_852,Position_510,4480,Department_11
First_Name_853,Last_Name_853,Position_325,4682,Department_31
First_Name_854,Last_Name_854,Position_747,4557,Department_92
First_Name_855,Last_Name_855,Position_855,2548,Department_71
First_Name_856,Last_Name_856,Position_638,1930,Department_19
First_Name_857,Last_Name_857,Position_62,1335,Department_30
First_Name_858,Last_Name_858,Position_468,2097,Department_37
First_Name_859,Last_Name_859,Position_917,3748,Department_14
First_Name_860,Last_Name_860,Position_716,3151,Department_48
First_Name_861,Last_Name_861,Position_328,1636,Department_90
First_Name_862,Last_Name_862,Position_92,2083,Department_40
First_Name_863,Last_Name_863,Position_645,2173,Department_45
First_Name_864,Last_Name_864,Position_152,1115,Department_31
First_Name_865,Last_Name_865,Position_742,3038,Department_80
First_Name_866,Last_Name_866,Position_569,1777,Department_60
First_Name_867,Last_Name_867,Position_556,4003,Department_93
First_Name_868,Last_Name_868,Position_750,1634,Department_9
First_Name_869,Last_Name_869,Position_908,1739,Department_88
First_Name_870,Last_Name_870,Position_330,2156,Department_6
First_Name_871,Last_Name_871,Position_681,2650,Department_27
First_Name_872,Last_Name_872,Position_822,3957,Department_41
First_Name_873,Last_Name_873,Position_376,3728,Department_3
First_Name_874,Last_Name_874,Position_733,1212,Department_95
First_Name_875,Last_Name_875,Position_559,4408,Department_34
First_Name_876,Last_Name_876,Position_337,2369,Department_14
First_Name_877,Last_Name_877,Position_211,1537,Department_72
First_Name_878,Last_Name_878,Position_143,4330,Department_13
First_Name_879,Last_Name_879,Position_455,1056,Department_74
First_Name_880,Last_Name_880,Position_929,2701,Department_23
First_Name_881,Last_Name_881,Position_342,1180,Department_68
First_Name_882,Last_Name_882,Position_134,4505,Department_58
First_Name_883,Last_Name_883,Position_230,4012,Department_92
First_Name_884,Last_Name_884,Position_949,3855,Department_45
First_Name_885,Last_Name_885,Position_275,4111,Department_96
First_Name_886,Last_Name_886,Position_23,2768,Department_74
First_Name_887,Last_Name_887,Position_555,3283,Department_75
First_Name_888,Last_Name_888,Position_309,4196,Department_21
First_Name_889,Last_Name_889,Position_623,3095,Department_99
First_Name_890,Last_Name_890,Position_658,1280,Department_35
First_Name_891,Last_Name_891,Position_550,4449,Department_74
First_Name_892,Last_Name_892,Position_913,3596,Department_50
First_Name_893,Last_Name_893,Position_561,2620,Department_88
First_Name_894,Last_Name_894,Position_462,3163,Department_79
First_Name_895,Last_Name_895,Position_299,1564,Department_51
First_Name_896,Last_Name_896,Position_125,4458,Department_55
First_Name_897,Last_Name_897,Position_549,4144,Department_85
First_Name_898,Last_Name_898,Position_715,1646,Department_68
First_Name_899,Last_Name_899,Position_425,3518,Department_14
First_Name_900,Last_Name_900,Position_705,2430,Department_63
First_Name_901,Last_Name_901,Position_67,1040,Department_16
First_Name_902,Last_Name_902,Position_917,1206,Department_67
First_Name_903,Last_Name_903,Position_730,1395,Department_99
First_Name_904,Last_Name_904,Position_557,4158,Department_21
First_Name_905,Last_Name_905,Position_317,2228,Department_84
First_Name_906,Last_Name_906,Position_795,1317,Department_3
First_Name_907,Last_Name_907,Position_724,3710,Department_72
First_Name_908,Last_Name_908,Position_404,3537,Department_20
First_Name_909,Last_Name_909,Position_511,3427,Department_50
First_Name_910,Last_Name_910,Position_706,3568,Department_51
First_Name_911,Last_Name_911,Position_114,4087,Department_69
First_Name_912,Last_Name_912,Position_169,1654,Department_65
First_Name_913,Last_Name_913,Position_420,2806,Department_84
First_Name_914,Last_Name_914,Position_518,3012,Department_12
First_Name_915,Last_Name_915,Position_984,4037,Department_18
First_Name_916,Last_Name_916,Position_325,4360,Department_68
First_Name_917,Last_Name_917,Position_903,1208,Department_1
First_Name_918,Last_Name_918,Position_293,1378,Department_97
First_Name_919,Last_Name_919,Position_794,2367,Department_2
First_Name_920,Last_Name_920,Position_384,2638,Department_23
First_Name_921,Last_Name_921,Position_31,1363,Department_41
First_Name_922,Last_Name_922,Position_791,4189,Department_42
First_Name_923,Last_Name_923,Position_496,3037,Department_13
First_Name_924,Last_Name_924,Position_463,2094,Department_18
First_Name_925,Last_Name_925,Position_93,3399,Department_71
First_Name_926,Last_Name_926,Position_158,3786,Department_34
First_Name_927,Last_Name_927,Position_472,1675,Department_60
First_Name_928,Last_Name_928,Position_490,1352,Department_60
First_Name_929,Last_Name_929,Position_529,3474,Department_21
First_Name_930,Last_Name_930,Position_428,3908,Department_31
First_Name_931,Last_Name_931,Position_629,4990,Department_46
First_Name_932,Last_Name_932,Position_963,1131,Department_21
First_Name_933,Last_Name_933,Position_169,3955,Department_93
First_Name_934,Last_Name_934,Position_697,1454,Department_40
First_Name_935,Last_Name_935,Position_748,1346,Department_48
First_Name_936,Last_Name_936,Position_194,1987,Department_52
First_Name_937,Last_Name_937,Position_906,3225,Department_42
First_Name_938,Last_Name_938,Position_65,4753,Department_84
First_Name_939,Last_Name_939,Position_296,3424,Department_49
First_Name_940,Last_Name_940,Position_242,3235,Department_36
First_Name_941,Last_Name_941,Position_957,1331,Department_1
First_Name_942,Last_Name_942,Position_158,4277,Department_87
First_Name_943,Last_Name_943,Position_216,4499,Department_49
First_Name_944,Last_Name_944,Position_248,3729,Department_91
First_Name_945,Last_Name_945,Position_480,1188,Department_87
First_Name_946,Last_Name_946,Position_615,2470,Department_46
First_Name_947,Last_Name_947,Position_893,3260,Department_49
First_Name_948,Last_Name_948,Position_626,1972,Department_10
First_Name_949,Last_Name_949,Position_725,1163,Department_66
First_Name_950,Last_Name_950,Position_240,4066,Department_25
First_Name_951,Last_Name_951,Position_679,1008,Department_63
First_Name_952,Last_Name_952,Position_452,3015,Department_12
First_Name_953,Last_Name_953,Position_694,1422,Department_68
First_Name_954,Last_Name_954,Position_681,4816,Department_82
First_Name_955,Last_Name_955,Position_627,4105,Department_85
First_Name_956,Last_Name_956,Position_331,4144,Department_79
First_Name_957,Last_Name_957,Position_782,2187,Department_62
First_Name_958,Last_Name_958,Position_18,4204,Department_15
First_Name_959,Last_Name_959,Position_797,4164,Department_73
First_Name_960,Last_Name_960,Position_739,2065,Department_78
First_Name_961,Last_Name_961,Position_447,4502,Department_40
First_Name_962,Last_Name_962,Position_562,4589,Department_51
First_Name_963,Last_Name_963,Position_217,1300,Department_48
First_Name_964,Last_Name_964,Position_908,3628,Department_75
First_Name_965,Last_Name_965,Position_213,3625,Department_41
First_Name_966,Last_Name_966,Position_887,4646,Department_59
First_Name_967,Last_Name_967,Position_963,4870,Department_40
First_Name_968,Last_Name_968,Position_226,1841,Department_85
First_Name_969,Last_Name_969,Position_998,2875,Department_15
First_Name_970,Last_Name_970,Position_389,2077,Department_41
First_Name_971,Last_Name_971,Position_789,4383,Department_98
First_Name_972,Last_Name_972,Position_317,3715,Department_80
First_Name_973,Last_Name_973,Position_36,4339,Department_40
First_Name_974,Last_Name_974,Position_859,3490,Department_50
First_Name_975,Last_Name_975,Position_280,3017,Department_56
First_Name_976,Last_Name_976,Position_499,3472,Department_54
First_Name_977,Last_Name_977,Position_225,1494,Department_47
First_Name_978,Last_Name_978,Position_511,2202,Department_50
First_Name_979,Last_Name_979,Position_247,3085,Department_37
First_Name_980,Last_Name_980,Position_922,3612,Department_57
First_Name_981,Last_Name_981,Position_164,2032,Department_85
First_Name_982,Last_Name_982,Position_809,4073,Department_50
First_Name_983,Last_Name_983,Position_966,3441,Department_18
First_Name_984,Last_Name_984,Position_712,4259,Department_39
First_Name_985,Last_Name_985,Position_302,4930,Department_72
First_Name_986,Last_Name_986,Position_214,2456,Department_63
First_Name_987,Last_Name_987,Position_331,2831,Department_83
First_Name_988,Last_Name_988,Position_256,2842,Department_61
First_Name_989,Last_Name_989,Position_928,2088,Department_43
First_Name_990,Last_Name_990,Position_763,1612,Department_20
First_Name_991,Last_Name_991,Position_623,1358,Department_47
First_Name_992,Last_Name_992,Position_126,3477,Department_23
First_Name_993,Last_Name_993,Position_136,1782,Department_74
First_Name_994,Last_Name_994,Position_935,2530,Department_8
First_Name_995,Last_Name_995,Position_630,1479,Department_7
First_Name_996,Last_Name_996,Position_932,1651,Department_12
First_Name_997,Last_Name_997,Position_997,3190,Department_95
First_Name_998,Last_Name_998,Position_384,1578,Department_41
First_Name_999,Last_Name_999,Position_785,2047,Department_57
First_Name_1000,Last_Name_1000,Position_891,3909,Department_61
